Filename,MaxFeret,MinFeret,SolidArea
0_processed.jpeg,inf,inf,inf
1000_processed.jpeg,inf,inf,inf
1001_processed.jpeg,inf,inf,inf
1002_processed.jpeg,inf,inf,inf
1003_processed.jpeg,inf,inf,inf
1004_processed.jpeg,inf,inf,inf
1005_processed.jpeg,inf,inf,inf
1006_processed.jpeg,inf,inf,inf
1007_processed.jpeg,inf,inf,inf
1008_processed.jpeg,inf,inf,inf
1009_processed.jpeg,inf,inf,inf
100_processed.jpeg,inf,inf,inf
1010_processed.jpeg,inf,inf,inf
1011_processed.jpeg,inf,inf,inf
1012_processed.jpeg,inf,inf,inf
1013_processed.jpeg,inf,inf,inf
1014_processed.jpeg,inf,inf,inf
1015_processed.jpeg,inf,inf,inf
1016_processed.jpeg,inf,inf,inf
1017_processed.jpeg,inf,inf,inf
1018_processed.jpeg,inf,inf,inf
1019_processed.jpeg,inf,inf,inf
101_processed.jpeg,inf,inf,inf
1020_processed.jpeg,inf,inf,inf
1021_processed.jpeg,inf,inf,inf
1022_processed.jpeg,inf,inf,inf
1023_processed.jpeg,inf,inf,inf
1024_processed.jpeg,inf,inf,inf
1025_processed.jpeg,inf,inf,inf
1026_processed.jpeg,inf,inf,inf
1027_processed.jpeg,inf,inf,inf
1028_processed.jpeg,inf,inf,inf
1029_processed.jpeg,inf,inf,inf
102_processed.jpeg,inf,inf,inf
1030_processed.jpeg,inf,inf,inf
1031_processed.jpeg,inf,inf,inf
1032_processed.jpeg,inf,inf,inf
1033_processed.jpeg,inf,inf,inf
1034_processed.jpeg,inf,inf,inf
1035_processed.jpeg,inf,inf,inf
1036_processed.jpeg,inf,inf,inf
1037_processed.jpeg,inf,inf,inf
1038_processed.jpeg,inf,inf,inf
1039_processed.jpeg,inf,inf,inf
103_processed.jpeg,inf,inf,inf
1040_processed.jpeg,inf,inf,inf
1041_processed.jpeg,inf,inf,inf
1042_processed.jpeg,inf,inf,inf
1043_processed.jpeg,inf,inf,inf
1044_processed.jpeg,inf,inf,inf
1045_processed.jpeg,inf,inf,inf
1046_processed.jpeg,inf,inf,inf
1047_processed.jpeg,inf,inf,inf
1048_processed.jpeg,inf,inf,inf
1049_processed.jpeg,inf,inf,inf
104_processed.jpeg,inf,inf,inf
1050_processed.jpeg,inf,inf,inf
1051_processed.jpeg,inf,inf,inf
1052_processed.jpeg,inf,inf,inf
1053_processed.jpeg,inf,inf,inf
1054_processed.jpeg,inf,inf,inf
1055_processed.jpeg,inf,inf,inf
1056_processed.jpeg,inf,inf,inf
1057_processed.jpeg,inf,inf,inf
1058_processed.jpeg,inf,inf,inf
1059_processed.jpeg,inf,inf,inf
105_processed.jpeg,inf,inf,inf
1060_processed.jpeg,inf,inf,inf
1061_processed.jpeg,inf,inf,inf
1062_processed.jpeg,inf,inf,inf
1063_processed.jpeg,inf,inf,inf
1064_processed.jpeg,inf,inf,inf
1065_processed.jpeg,inf,inf,inf
1066_processed.jpeg,inf,inf,inf
1067_processed.jpeg,inf,inf,inf
1068_processed.jpeg,inf,inf,inf
1069_processed.jpeg,inf,inf,inf
106_processed.jpeg,inf,inf,inf
1070_processed.jpeg,inf,inf,inf
1071_processed.jpeg,inf,inf,inf
1072_processed.jpeg,inf,inf,inf
1073_processed.jpeg,inf,inf,inf
1074_processed.jpeg,inf,inf,inf
1075_processed.jpeg,inf,inf,inf
1076_processed.jpeg,inf,inf,inf
1077_processed.jpeg,inf,inf,inf
1078_processed.jpeg,inf,inf,inf
1079_processed.jpeg,inf,inf,inf
107_processed.jpeg,inf,inf,inf
1080_processed.jpeg,inf,inf,inf
1081_processed.jpeg,inf,inf,inf
1082_processed.jpeg,inf,inf,inf
1083_processed.jpeg,inf,inf,inf
1084_processed.jpeg,inf,inf,inf
1085_processed.jpeg,inf,inf,inf
1086_processed.jpeg,inf,inf,inf
1087_processed.jpeg,inf,inf,inf
1088_processed.jpeg,inf,inf,inf
1089_processed.jpeg,inf,inf,inf
108_processed.jpeg,inf,inf,inf
1090_processed.jpeg,inf,inf,inf
1091_processed.jpeg,inf,inf,inf
1092_processed.jpeg,inf,inf,inf
1093_processed.jpeg,inf,inf,inf
1094_processed.jpeg,inf,inf,inf
1095_processed.jpeg,inf,inf,inf
1096_processed.jpeg,inf,inf,inf
1097_processed.jpeg,inf,inf,inf
1098_processed.jpeg,inf,inf,inf
1099_processed.jpeg,inf,inf,inf
109_processed.jpeg,inf,inf,inf
10_processed.jpeg,inf,inf,inf
1100_processed.jpeg,inf,inf,inf
110_processed.jpeg,inf,inf,inf
111_processed.jpeg,inf,inf,inf
112_processed.jpeg,inf,inf,inf
113_processed.jpeg,inf,inf,inf
114_processed.jpeg,inf,inf,inf
115_processed.jpeg,inf,inf,inf
116_processed.jpeg,inf,inf,inf
117_processed.jpeg,inf,inf,inf
118_processed.jpeg,inf,inf,inf
119_processed.jpeg,inf,inf,inf
11_processed.jpeg,inf,inf,inf
120_processed.jpeg,inf,inf,inf
121_processed.jpeg,inf,inf,inf
122_processed.jpeg,inf,inf,inf
123_processed.jpeg,inf,inf,inf
124_processed.jpeg,inf,inf,inf
125_processed.jpeg,inf,inf,inf
126_processed.jpeg,inf,inf,inf
127_processed.jpeg,inf,inf,inf
128_processed.jpeg,inf,inf,inf
129_processed.jpeg,inf,inf,inf
12_processed.jpeg,inf,inf,inf
130_processed.jpeg,inf,inf,inf
131_processed.jpeg,inf,inf,inf
132_processed.jpeg,inf,inf,inf
134_processed.jpeg,inf,inf,inf
135_processed.jpeg,inf,inf,inf
136_processed.jpeg,inf,inf,inf
137_processed.jpeg,inf,inf,inf
138_processed.jpeg,inf,inf,inf
139_processed.jpeg,inf,inf,inf
13_processed.jpeg,inf,inf,inf
140_processed.jpeg,inf,inf,inf
141_processed.jpeg,inf,inf,inf
142_processed.jpeg,inf,inf,inf
143_processed.jpeg,inf,inf,inf
144_processed.jpeg,inf,inf,inf
145_processed.jpeg,inf,inf,inf
146_processed.jpeg,inf,inf,inf
147_processed.jpeg,inf,inf,inf
148_processed.jpeg,inf,inf,inf
149_processed.jpeg,inf,inf,inf
150_processed.jpeg,inf,inf,inf
151_processed.jpeg,inf,inf,inf
152_processed.jpeg,inf,inf,inf
153_processed.jpeg,inf,inf,inf
154_processed.jpeg,inf,inf,inf
155_processed.jpeg,inf,inf,inf
156_processed.jpeg,inf,inf,inf
157_processed.jpeg,inf,inf,inf
158_processed.jpeg,inf,inf,inf
159_processed.jpeg,inf,inf,inf
15_processed.jpeg,inf,inf,inf
160_processed.jpeg,inf,inf,inf
161_processed.jpeg,inf,inf,inf
162_processed.jpeg,inf,inf,inf
163_processed.jpeg,inf,inf,inf
164_processed.jpeg,inf,inf,inf
165_processed.jpeg,inf,inf,inf
166_processed.jpeg,inf,inf,inf
167_processed.jpeg,inf,inf,inf
168_processed.jpeg,inf,inf,inf
169_processed.jpeg,inf,inf,inf
16_processed.jpeg,inf,inf,inf
170_processed.jpeg,inf,inf,inf
171_processed.jpeg,inf,inf,inf
172_processed.jpeg,inf,inf,inf
173_processed.jpeg,inf,inf,inf
174_processed.jpeg,inf,inf,inf
175_processed.jpeg,inf,inf,inf
176_processed.jpeg,inf,inf,inf
177_processed.jpeg,inf,inf,inf
178_processed.jpeg,inf,inf,inf
179_processed.jpeg,inf,inf,inf
17_processed.jpeg,inf,inf,inf
180_processed.jpeg,inf,inf,inf
182_processed.jpeg,inf,inf,inf
183_processed.jpeg,inf,inf,inf
184_processed.jpeg,inf,inf,inf
185_processed.jpeg,inf,inf,inf
186_processed.jpeg,inf,inf,inf
187_processed.jpeg,inf,inf,inf
188_processed.jpeg,inf,inf,inf
189_processed.jpeg,inf,inf,inf
18_processed.jpeg,inf,inf,inf
190_processed.jpeg,inf,inf,inf
191_processed.jpeg,inf,inf,inf
192_processed.jpeg,inf,inf,inf
193_processed.jpeg,inf,inf,inf
194_processed.jpeg,inf,inf,inf
195_processed.jpeg,inf,inf,inf
196_processed.jpeg,inf,inf,inf
197_processed.jpeg,inf,inf,inf
198_processed.jpeg,inf,inf,inf
199_processed.jpeg,inf,inf,inf
19_processed.jpeg,inf,inf,inf
1_processed.jpeg,inf,inf,inf
200_processed.jpeg,inf,inf,inf
203_processed.jpeg,inf,inf,inf
204_processed.jpeg,inf,inf,inf
205_processed.jpeg,inf,inf,inf
206_processed.jpeg,inf,inf,inf
207_processed.jpeg,inf,inf,inf
208_processed.jpeg,inf,inf,inf
209_processed.jpeg,inf,inf,inf
20_processed.jpeg,inf,inf,inf
210_processed.jpeg,inf,inf,inf
211_processed.jpeg,inf,inf,inf
212_processed.jpeg,inf,inf,inf
213_processed.jpeg,inf,inf,inf
214_processed.jpeg,inf,inf,inf
215_processed.jpeg,inf,inf,inf
216_processed.jpeg,inf,inf,inf
217_processed.jpeg,inf,inf,inf
218_processed.jpeg,inf,inf,inf
219_processed.jpeg,inf,inf,inf
21_processed.jpeg,inf,inf,inf
220_processed.jpeg,inf,inf,inf
221_processed.jpeg,inf,inf,inf
222_processed.jpeg,inf,inf,inf
223_processed.jpeg,inf,inf,inf
224_processed.jpeg,inf,inf,inf
225_processed.jpeg,inf,inf,inf
226_processed.jpeg,inf,inf,inf
227_processed.jpeg,inf,inf,inf
228_processed.jpeg,inf,inf,inf
229_processed.jpeg,inf,inf,inf
230_processed.jpeg,inf,inf,inf
231_processed.jpeg,inf,inf,inf
232_processed.jpeg,inf,inf,inf
233_processed.jpeg,inf,inf,inf
234_processed.jpeg,inf,inf,inf
235_processed.jpeg,inf,inf,inf
236_processed.jpeg,inf,inf,inf
237_processed.jpeg,inf,inf,inf
238_processed.jpeg,inf,inf,inf
239_processed.jpeg,inf,inf,inf
23_processed.jpeg,inf,inf,inf
240_processed.jpeg,inf,inf,inf
241_processed.jpeg,inf,inf,inf
242_processed.jpeg,inf,inf,inf
243_processed.jpeg,inf,inf,inf
244_processed.jpeg,inf,inf,inf
245_processed.jpeg,inf,inf,inf
246_processed.jpeg,inf,inf,inf
247_processed.jpeg,inf,inf,inf
248_processed.jpeg,inf,inf,inf
249_processed.jpeg,inf,inf,inf
24_processed.jpeg,inf,inf,inf
250_processed.jpeg,inf,inf,inf
251_processed.jpeg,inf,inf,inf
252_processed.jpeg,inf,inf,inf
253_processed.jpeg,inf,inf,inf
254_processed.jpeg,inf,inf,inf
255_processed.jpeg,inf,inf,inf
256_processed.jpeg,inf,inf,inf
257_processed.jpeg,inf,inf,inf
258_processed.jpeg,inf,inf,inf
259_processed.jpeg,inf,inf,inf
25_processed.jpeg,inf,inf,inf
260_processed.jpeg,inf,inf,inf
261_processed.jpeg,inf,inf,inf
262_processed.jpeg,inf,inf,inf
263_processed.jpeg,inf,inf,inf
264_processed.jpeg,inf,inf,inf
265_processed.jpeg,inf,inf,inf
266_processed.jpeg,inf,inf,inf
267_processed.jpeg,inf,inf,inf
268_processed.jpeg,inf,inf,inf
269_processed.jpeg,inf,inf,inf
26_processed.jpeg,inf,inf,inf
270_processed.jpeg,inf,inf,inf
271_processed.jpeg,inf,inf,inf
272_processed.jpeg,inf,inf,inf
273_processed.jpeg,inf,inf,inf
274_processed.jpeg,inf,inf,inf
275_processed.jpeg,inf,inf,inf
276_processed.jpeg,inf,inf,inf
277_processed.jpeg,inf,inf,inf
278_processed.jpeg,inf,inf,inf
279_processed.jpeg,inf,inf,inf
27_processed.jpeg,inf,inf,inf
280_processed.jpeg,inf,inf,inf
281_processed.jpeg,inf,inf,inf
282_processed.jpeg,inf,inf,inf
283_processed.jpeg,inf,inf,inf
284_processed.jpeg,inf,inf,inf
285_processed.jpeg,inf,inf,inf
286_processed.jpeg,inf,inf,inf
287_processed.jpeg,inf,inf,inf
288_processed.jpeg,inf,inf,inf
289_processed.jpeg,inf,inf,inf
28_processed.jpeg,inf,inf,inf
290_processed.jpeg,inf,inf,inf
291_processed.jpeg,inf,inf,inf
292_processed.jpeg,inf,inf,inf
293_processed.jpeg,inf,inf,inf
294_processed.jpeg,inf,inf,inf
295_processed.jpeg,inf,inf,inf
296_processed.jpeg,inf,inf,inf
297_processed.jpeg,inf,inf,inf
298_processed.jpeg,inf,inf,inf
299_processed.jpeg,inf,inf,inf
29_processed.jpeg,inf,inf,inf
2_processed.jpeg,inf,inf,inf
300_processed.jpeg,inf,inf,inf
301_processed.jpeg,inf,inf,inf
302_processed.jpeg,inf,inf,inf
303_processed.jpeg,inf,inf,inf
304_processed.jpeg,inf,inf,inf
305_processed.jpeg,inf,inf,inf
306_processed.jpeg,inf,inf,inf
307_processed.jpeg,inf,inf,inf
308_processed.jpeg,inf,inf,inf
309_processed.jpeg,inf,inf,inf
30_processed.jpeg,inf,inf,inf
310_processed.jpeg,inf,inf,inf
311_processed.jpeg,inf,inf,inf
312_processed.jpeg,inf,inf,inf
313_processed.jpeg,inf,inf,inf
314_processed.jpeg,inf,inf,inf
315_processed.jpeg,inf,inf,inf
316_processed.jpeg,inf,inf,inf
317_processed.jpeg,inf,inf,inf
318_processed.jpeg,inf,inf,inf
319_processed.jpeg,inf,inf,inf
31_processed.jpeg,inf,inf,inf
320_processed.jpeg,inf,inf,inf
321_processed.jpeg,inf,inf,inf
322_processed.jpeg,inf,inf,inf
323_processed.jpeg,inf,inf,inf
324_processed.jpeg,inf,inf,inf
325_processed.jpeg,inf,inf,inf
326_processed.jpeg,inf,inf,inf
327_processed.jpeg,inf,inf,inf
328_processed.jpeg,inf,inf,inf
329_processed.jpeg,inf,inf,inf
32_processed.jpeg,inf,inf,inf
330_processed.jpeg,inf,inf,inf
331_processed.jpeg,inf,inf,inf
332_processed.jpeg,inf,inf,inf
333_processed.jpeg,inf,inf,inf
334_processed.jpeg,inf,inf,inf
335_processed.jpeg,inf,inf,inf
336_processed.jpeg,inf,inf,inf
337_processed.jpeg,inf,inf,inf
338_processed.jpeg,inf,inf,inf
339_processed.jpeg,inf,inf,inf
33_processed.jpeg,inf,inf,inf
340_processed.jpeg,inf,inf,inf
341_processed.jpeg,inf,inf,inf
342_processed.jpeg,inf,inf,inf
343_processed.jpeg,inf,inf,inf
344_processed.jpeg,inf,inf,inf
345_processed.jpeg,inf,inf,inf
346_processed.jpeg,inf,inf,inf
347_processed.jpeg,inf,inf,inf
348_processed.jpeg,inf,inf,inf
349_processed.jpeg,inf,inf,inf
34_processed.jpeg,inf,inf,inf
350_processed.jpeg,inf,inf,inf
351_processed.jpeg,inf,inf,inf
352_processed.jpeg,inf,inf,inf
353_processed.jpeg,inf,inf,inf
354_processed.jpeg,inf,inf,inf
355_processed.jpeg,inf,inf,inf
356_processed.jpeg,inf,inf,inf
357_processed.jpeg,inf,inf,inf
358_processed.jpeg,inf,inf,inf
359_processed.jpeg,inf,inf,inf
35_processed.jpeg,inf,inf,inf
360_processed.jpeg,inf,inf,inf
361_processed.jpeg,inf,inf,inf
362_processed.jpeg,inf,inf,inf
363_processed.jpeg,inf,inf,inf
364_processed.jpeg,inf,inf,inf
365_processed.jpeg,inf,inf,inf
366_processed.jpeg,inf,inf,inf
367_processed.jpeg,inf,inf,inf
368_processed.jpeg,inf,inf,inf
369_processed.jpeg,inf,inf,inf
36_processed.jpeg,inf,inf,inf
370_processed.jpeg,inf,inf,inf
371_processed.jpeg,inf,inf,inf
372_processed.jpeg,inf,inf,inf
373_processed.jpeg,inf,inf,inf
374_processed.jpeg,inf,inf,inf
375_processed.jpeg,inf,inf,inf
376_processed.jpeg,inf,inf,inf
377_processed.jpeg,inf,inf,inf
378_processed.jpeg,inf,inf,inf
379_processed.jpeg,inf,inf,inf
37_processed.jpeg,inf,inf,inf
380_processed.jpeg,inf,inf,inf
381_processed.jpeg,inf,inf,inf
382_processed.jpeg,inf,inf,inf
383_processed.jpeg,inf,inf,inf
384_processed.jpeg,inf,inf,inf
385_processed.jpeg,inf,inf,inf
386_processed.jpeg,inf,inf,inf
387_processed.jpeg,inf,inf,inf
388_processed.jpeg,inf,inf,inf
389_processed.jpeg,inf,inf,inf
38_processed.jpeg,inf,inf,inf
390_processed.jpeg,inf,inf,inf
391_processed.jpeg,inf,inf,inf
392_processed.jpeg,inf,inf,inf
393_processed.jpeg,inf,inf,inf
394_processed.jpeg,inf,inf,inf
395_processed.jpeg,inf,inf,inf
396_processed.jpeg,inf,inf,inf
397_processed.jpeg,inf,inf,inf
398_processed.jpeg,inf,inf,inf
399_processed.jpeg,inf,inf,inf
39_processed.jpeg,inf,inf,inf
3_processed.jpeg,inf,inf,inf
400_processed.jpeg,inf,inf,inf
401_processed.jpeg,inf,inf,inf
402_processed.jpeg,inf,inf,inf
403_processed.jpeg,inf,inf,inf
404_processed.jpeg,inf,inf,inf
405_processed.jpeg,inf,inf,inf
406_processed.jpeg,inf,inf,inf
407_processed.jpeg,inf,inf,inf
408_processed.jpeg,inf,inf,inf
409_processed.jpeg,inf,inf,inf
40_processed.jpeg,inf,inf,inf
410_processed.jpeg,inf,inf,inf
411_processed.jpeg,inf,inf,inf
412_processed.jpeg,inf,inf,inf
413_processed.jpeg,inf,inf,inf
414_processed.jpeg,inf,inf,inf
415_processed.jpeg,inf,inf,inf
416_processed.jpeg,inf,inf,inf
417_processed.jpeg,inf,inf,inf
418_processed.jpeg,inf,inf,inf
419_processed.jpeg,inf,inf,inf
41_processed.jpeg,inf,inf,inf
420_processed.jpeg,inf,inf,inf
421_processed.jpeg,inf,inf,inf
422_processed.jpeg,inf,inf,inf
423_processed.jpeg,inf,inf,inf
424_processed.jpeg,inf,inf,inf
425_processed.jpeg,inf,inf,inf
426_processed.jpeg,inf,inf,inf
427_processed.jpeg,inf,inf,inf
428_processed.jpeg,inf,inf,inf
429_processed.jpeg,inf,inf,inf
42_processed.jpeg,inf,inf,inf
430_processed.jpeg,inf,inf,inf
431_processed.jpeg,inf,inf,inf
432_processed.jpeg,inf,inf,inf
433_processed.jpeg,inf,inf,inf
434_processed.jpeg,inf,inf,inf
435_processed.jpeg,inf,inf,inf
436_processed.jpeg,inf,inf,inf
437_processed.jpeg,inf,inf,inf
438_processed.jpeg,inf,inf,inf
439_processed.jpeg,inf,inf,inf
43_processed.jpeg,inf,inf,inf
440_processed.jpeg,inf,inf,inf
441_processed.jpeg,inf,inf,inf
442_processed.jpeg,inf,inf,inf
443_processed.jpeg,inf,inf,inf
444_processed.jpeg,inf,inf,inf
445_processed.jpeg,inf,inf,inf
446_processed.jpeg,inf,inf,inf
447_processed.jpeg,inf,inf,inf
448_processed.jpeg,inf,inf,inf
449_processed.jpeg,inf,inf,inf
44_processed.jpeg,inf,inf,inf
450_processed.jpeg,inf,inf,inf
451_processed.jpeg,inf,inf,inf
452_processed.jpeg,inf,inf,inf
453_processed.jpeg,inf,inf,inf
454_processed.jpeg,inf,inf,inf
455_processed.jpeg,inf,inf,inf
456_processed.jpeg,inf,inf,inf
457_processed.jpeg,inf,inf,inf
458_processed.jpeg,inf,inf,inf
459_processed.jpeg,inf,inf,inf
45_processed.jpeg,inf,inf,inf
460_processed.jpeg,inf,inf,inf
461_processed.jpeg,inf,inf,inf
462_processed.jpeg,inf,inf,inf
463_processed.jpeg,inf,inf,inf
464_processed.jpeg,inf,inf,inf
465_processed.jpeg,inf,inf,inf
466_processed.jpeg,inf,inf,inf
467_processed.jpeg,inf,inf,inf
468_processed.jpeg,inf,inf,inf
469_processed.jpeg,inf,inf,inf
46_processed.jpeg,inf,inf,inf
470_processed.jpeg,inf,inf,inf
471_processed.jpeg,inf,inf,inf
472_processed.jpeg,inf,inf,inf
473_processed.jpeg,inf,inf,inf
474_processed.jpeg,inf,inf,inf
475_processed.jpeg,inf,inf,inf
476_processed.jpeg,inf,inf,inf
477_processed.jpeg,inf,inf,inf
478_processed.jpeg,inf,inf,inf
47_processed.jpeg,inf,inf,inf
480_processed.jpeg,inf,inf,inf
481_processed.jpeg,inf,inf,inf
482_processed.jpeg,inf,inf,inf
483_processed.jpeg,inf,inf,inf
484_processed.jpeg,inf,inf,inf
485_processed.jpeg,inf,inf,inf
486_processed.jpeg,inf,inf,inf
487_processed.jpeg,inf,inf,inf
488_processed.jpeg,inf,inf,inf
489_processed.jpeg,inf,inf,inf
48_processed.jpeg,inf,inf,inf
490_processed.jpeg,inf,inf,inf
491_processed.jpeg,inf,inf,inf
492_processed.jpeg,inf,inf,inf
493_processed.jpeg,inf,inf,inf
494_processed.jpeg,inf,inf,inf
495_processed.jpeg,inf,inf,inf
496_processed.jpeg,inf,inf,inf
497_processed.jpeg,inf,inf,inf
498_processed.jpeg,inf,inf,inf
499_processed.jpeg,inf,inf,inf
49_processed.jpeg,inf,inf,inf
4_processed.jpeg,inf,inf,inf
500_processed.jpeg,inf,inf,inf
501_processed.jpeg,inf,inf,inf
502_processed.jpeg,inf,inf,inf
503_processed.jpeg,inf,inf,inf
504_processed.jpeg,inf,inf,inf
505_processed.jpeg,inf,inf,inf
506_processed.jpeg,inf,inf,inf
507_processed.jpeg,inf,inf,inf
508_processed.jpeg,inf,inf,inf
509_processed.jpeg,inf,inf,inf
50_processed.jpeg,inf,inf,inf
510_processed.jpeg,inf,inf,inf
511_processed.jpeg,inf,inf,inf
512_processed.jpeg,inf,inf,inf
513_processed.jpeg,inf,inf,inf
514_processed.jpeg,inf,inf,inf
515_processed.jpeg,inf,inf,inf
516_processed.jpeg,inf,inf,inf
517_processed.jpeg,inf,inf,inf
518_processed.jpeg,inf,inf,inf
519_processed.jpeg,inf,inf,inf
51_processed.jpeg,inf,inf,inf
520_processed.jpeg,inf,inf,inf
521_processed.jpeg,inf,inf,inf
522_processed.jpeg,inf,inf,inf
523_processed.jpeg,inf,inf,inf
524_processed.jpeg,inf,inf,inf
525_processed.jpeg,inf,inf,inf
526_processed.jpeg,inf,inf,inf
527_processed.jpeg,inf,inf,inf
528_processed.jpeg,inf,inf,inf
529_processed.jpeg,inf,inf,inf
52_processed.jpeg,inf,inf,inf
530_processed.jpeg,inf,inf,inf
531_processed.jpeg,inf,inf,inf
532_processed.jpeg,inf,inf,inf
533_processed.jpeg,inf,inf,inf
534_processed.jpeg,inf,inf,inf
536_processed.jpeg,inf,inf,inf
537_processed.jpeg,inf,inf,inf
538_processed.jpeg,inf,inf,inf
539_processed.jpeg,inf,inf,inf
53_processed.jpeg,inf,inf,inf
540_processed.jpeg,inf,inf,inf
541_processed.jpeg,inf,inf,inf
542_processed.jpeg,inf,inf,inf
543_processed.jpeg,inf,inf,inf
544_processed.jpeg,inf,inf,inf
545_processed.jpeg,inf,inf,inf
546_processed.jpeg,inf,inf,inf
547_processed.jpeg,inf,inf,inf
548_processed.jpeg,inf,inf,inf
549_processed.jpeg,inf,inf,inf
54_processed.jpeg,inf,inf,inf
550_processed.jpeg,inf,inf,inf
551_processed.jpeg,inf,inf,inf
552_processed.jpeg,inf,inf,inf
553_processed.jpeg,inf,inf,inf
554_processed.jpeg,inf,inf,inf
555_processed.jpeg,inf,inf,inf
556_processed.jpeg,inf,inf,inf
557_processed.jpeg,inf,inf,inf
558_processed.jpeg,inf,inf,inf
559_processed.jpeg,inf,inf,inf
55_processed.jpeg,inf,inf,inf
560_processed.jpeg,inf,inf,inf
561_processed.jpeg,inf,inf,inf
562_processed.jpeg,inf,inf,inf
563_processed.jpeg,inf,inf,inf
564_processed.jpeg,inf,inf,inf
565_processed.jpeg,inf,inf,inf
566_processed.jpeg,inf,inf,inf
567_processed.jpeg,inf,inf,inf
568_processed.jpeg,inf,inf,inf
569_processed.jpeg,inf,inf,inf
56_processed.jpeg,inf,inf,inf
570_processed.jpeg,inf,inf,inf
571_processed.jpeg,inf,inf,inf
572_processed.jpeg,inf,inf,inf
573_processed.jpeg,inf,inf,inf
574_processed.jpeg,inf,inf,inf
575_processed.jpeg,inf,inf,inf
576_processed.jpeg,inf,inf,inf
577_processed.jpeg,inf,inf,inf
578_processed.jpeg,inf,inf,inf
579_processed.jpeg,inf,inf,inf
57_processed.jpeg,inf,inf,inf
580_processed.jpeg,inf,inf,inf
581_processed.jpeg,inf,inf,inf
582_processed.jpeg,inf,inf,inf
583_processed.jpeg,inf,inf,inf
584_processed.jpeg,inf,inf,inf
585_processed.jpeg,inf,inf,inf
586_processed.jpeg,inf,inf,inf
587_processed.jpeg,inf,inf,inf
588_processed.jpeg,inf,inf,inf
589_processed.jpeg,inf,inf,inf
58_processed.jpeg,inf,inf,inf
590_processed.jpeg,inf,inf,inf
591_processed.jpeg,inf,inf,inf
592_processed.jpeg,inf,inf,inf
593_processed.jpeg,inf,inf,inf
594_processed.jpeg,inf,inf,inf
595_processed.jpeg,inf,inf,inf
596_processed.jpeg,inf,inf,inf
597_processed.jpeg,inf,inf,inf
598_processed.jpeg,inf,inf,inf
599_processed.jpeg,inf,inf,inf
59_processed.jpeg,inf,inf,inf
5_processed.jpeg,inf,inf,inf
600_processed.jpeg,inf,inf,inf
601_processed.jpeg,inf,inf,inf
602_processed.jpeg,inf,inf,inf
603_processed.jpeg,inf,inf,inf
604_processed.jpeg,inf,inf,inf
605_processed.jpeg,inf,inf,inf
606_processed.jpeg,inf,inf,inf
607_processed.jpeg,inf,inf,inf
608_processed.jpeg,inf,inf,inf
609_processed.jpeg,inf,inf,inf
60_processed.jpeg,inf,inf,inf
610_processed.jpeg,inf,inf,inf
611_processed.jpeg,inf,inf,inf
612_processed.jpeg,inf,inf,inf
613_processed.jpeg,inf,inf,inf
614_processed.jpeg,inf,inf,inf
615_processed.jpeg,inf,inf,inf
616_processed.jpeg,inf,inf,inf
617_processed.jpeg,inf,inf,inf
618_processed.jpeg,inf,inf,inf
619_processed.jpeg,inf,inf,inf
61_processed.jpeg,inf,inf,inf
620_processed.jpeg,inf,inf,inf
621_processed.jpeg,inf,inf,inf
622_processed.jpeg,inf,inf,inf
623_processed.jpeg,inf,inf,inf
624_processed.jpeg,inf,inf,inf
625_processed.jpeg,inf,inf,inf
626_processed.jpeg,inf,inf,inf
627_processed.jpeg,inf,inf,inf
628_processed.jpeg,inf,inf,inf
629_processed.jpeg,inf,inf,inf
62_processed.jpeg,inf,inf,inf
630_processed.jpeg,inf,inf,inf
631_processed.jpeg,inf,inf,inf
632_processed.jpeg,inf,inf,inf
633_processed.jpeg,inf,inf,inf
634_processed.jpeg,inf,inf,inf
635_processed.jpeg,inf,inf,inf
636_processed.jpeg,inf,inf,inf
637_processed.jpeg,inf,inf,inf
638_processed.jpeg,inf,inf,inf
639_processed.jpeg,inf,inf,inf
63_processed.jpeg,inf,inf,inf
640_processed.jpeg,inf,inf,inf
641_processed.jpeg,inf,inf,inf
642_processed.jpeg,inf,inf,inf
643_processed.jpeg,inf,inf,inf
644_processed.jpeg,inf,inf,inf
645_processed.jpeg,inf,inf,inf
646_processed.jpeg,inf,inf,inf
647_processed.jpeg,inf,inf,inf
648_processed.jpeg,inf,inf,inf
649_processed.jpeg,inf,inf,inf
64_processed.jpeg,inf,inf,inf
650_processed.jpeg,inf,inf,inf
651_processed.jpeg,inf,inf,inf
652_processed.jpeg,inf,inf,inf
653_processed.jpeg,inf,inf,inf
654_processed.jpeg,inf,inf,inf
655_processed.jpeg,inf,inf,inf
656_processed.jpeg,inf,inf,inf
657_processed.jpeg,inf,inf,inf
658_processed.jpeg,inf,inf,inf
659_processed.jpeg,inf,inf,inf
65_processed.jpeg,inf,inf,inf
660_processed.jpeg,inf,inf,inf
661_processed.jpeg,inf,inf,inf
662_processed.jpeg,inf,inf,inf
663_processed.jpeg,inf,inf,inf
664_processed.jpeg,inf,inf,inf
665_processed.jpeg,inf,inf,inf
666_processed.jpeg,inf,inf,inf
667_processed.jpeg,inf,inf,inf
668_processed.jpeg,inf,inf,inf
669_processed.jpeg,inf,inf,inf
66_processed.jpeg,inf,inf,inf
670_processed.jpeg,inf,inf,inf
671_processed.jpeg,inf,inf,inf
672_processed.jpeg,inf,inf,inf
673_processed.jpeg,inf,inf,inf
674_processed.jpeg,inf,inf,inf
675_processed.jpeg,inf,inf,inf
676_processed.jpeg,inf,inf,inf
677_processed.jpeg,inf,inf,inf
678_processed.jpeg,inf,inf,inf
679_processed.jpeg,inf,inf,inf
67_processed.jpeg,inf,inf,inf
680_processed.jpeg,inf,inf,inf
681_processed.jpeg,inf,inf,inf
682_processed.jpeg,inf,inf,inf
683_processed.jpeg,inf,inf,inf
684_processed.jpeg,inf,inf,inf
685_processed.jpeg,inf,inf,inf
686_processed.jpeg,inf,inf,inf
687_processed.jpeg,inf,inf,inf
688_processed.jpeg,inf,inf,inf
689_processed.jpeg,inf,inf,inf
690_processed.jpeg,inf,inf,inf
691_processed.jpeg,inf,inf,inf
692_processed.jpeg,inf,inf,inf
693_processed.jpeg,inf,inf,inf
694_processed.jpeg,inf,inf,inf
695_processed.jpeg,inf,inf,inf
696_processed.jpeg,inf,inf,inf
697_processed.jpeg,inf,inf,inf
698_processed.jpeg,inf,inf,inf
699_processed.jpeg,inf,inf,inf
69_processed.jpeg,inf,inf,inf
6_processed.jpeg,inf,inf,inf
700_processed.jpeg,inf,inf,inf
701_processed.jpeg,inf,inf,inf
702_processed.jpeg,inf,inf,inf
703_processed.jpeg,inf,inf,inf
704_processed.jpeg,inf,inf,inf
705_processed.jpeg,inf,inf,inf
706_processed.jpeg,inf,inf,inf
707_processed.jpeg,inf,inf,inf
708_processed.jpeg,inf,inf,inf
709_processed.jpeg,inf,inf,inf
70_processed.jpeg,inf,inf,inf
710_processed.jpeg,inf,inf,inf
711_processed.jpeg,inf,inf,inf
712_processed.jpeg,inf,inf,inf
713_processed.jpeg,inf,inf,inf
714_processed.jpeg,inf,inf,inf
715_processed.jpeg,inf,inf,inf
716_processed.jpeg,inf,inf,inf
717_processed.jpeg,inf,inf,inf
718_processed.jpeg,inf,inf,inf
719_processed.jpeg,inf,inf,inf
71_processed.jpeg,inf,inf,inf
720_processed.jpeg,inf,inf,inf
721_processed.jpeg,inf,inf,inf
722_processed.jpeg,inf,inf,inf
723_processed.jpeg,inf,inf,inf
724_processed.jpeg,inf,inf,inf
725_processed.jpeg,inf,inf,inf
726_processed.jpeg,inf,inf,inf
727_processed.jpeg,inf,inf,inf
728_processed.jpeg,inf,inf,inf
729_processed.jpeg,inf,inf,inf
72_processed.jpeg,inf,inf,inf
730_processed.jpeg,inf,inf,inf
731_processed.jpeg,inf,inf,inf
733_processed.jpeg,inf,inf,inf
734_processed.jpeg,inf,inf,inf
735_processed.jpeg,inf,inf,inf
736_processed.jpeg,inf,inf,inf
737_processed.jpeg,inf,inf,inf
738_processed.jpeg,inf,inf,inf
739_processed.jpeg,inf,inf,inf
73_processed.jpeg,inf,inf,inf
740_processed.jpeg,inf,inf,inf
741_processed.jpeg,inf,inf,inf
742_processed.jpeg,inf,inf,inf
743_processed.jpeg,inf,inf,inf
744_processed.jpeg,inf,inf,inf
745_processed.jpeg,inf,inf,inf
746_processed.jpeg,inf,inf,inf
747_processed.jpeg,inf,inf,inf
748_processed.jpeg,inf,inf,inf
749_processed.jpeg,inf,inf,inf
74_processed.jpeg,inf,inf,inf
750_processed.jpeg,inf,inf,inf
751_processed.jpeg,inf,inf,inf
752_processed.jpeg,inf,inf,inf
753_processed.jpeg,inf,inf,inf
754_processed.jpeg,inf,inf,inf
755_processed.jpeg,inf,inf,inf
756_processed.jpeg,inf,inf,inf
757_processed.jpeg,inf,inf,inf
758_processed.jpeg,inf,inf,inf
759_processed.jpeg,inf,inf,inf
75_processed.jpeg,inf,inf,inf
760_processed.jpeg,inf,inf,inf
761_processed.jpeg,inf,inf,inf
762_processed.jpeg,inf,inf,inf
763_processed.jpeg,inf,inf,inf
764_processed.jpeg,inf,inf,inf
765_processed.jpeg,inf,inf,inf
766_processed.jpeg,inf,inf,inf
767_processed.jpeg,inf,inf,inf
768_processed.jpeg,inf,inf,inf
769_processed.jpeg,inf,inf,inf
76_processed.jpeg,inf,inf,inf
770_processed.jpeg,inf,inf,inf
771_processed.jpeg,inf,inf,inf
772_processed.jpeg,inf,inf,inf
773_processed.jpeg,inf,inf,inf
774_processed.jpeg,inf,inf,inf
775_processed.jpeg,inf,inf,inf
776_processed.jpeg,inf,inf,inf
777_processed.jpeg,inf,inf,inf
778_processed.jpeg,inf,inf,inf
779_processed.jpeg,inf,inf,inf
77_processed.jpeg,inf,inf,inf
780_processed.jpeg,inf,inf,inf
781_processed.jpeg,inf,inf,inf
782_processed.jpeg,inf,inf,inf
783_processed.jpeg,inf,inf,inf
784_processed.jpeg,inf,inf,inf
785_processed.jpeg,inf,inf,inf
786_processed.jpeg,inf,inf,inf
787_processed.jpeg,inf,inf,inf
788_processed.jpeg,inf,inf,inf
789_processed.jpeg,inf,inf,inf
78_processed.jpeg,inf,inf,inf
790_processed.jpeg,inf,inf,inf
791_processed.jpeg,inf,inf,inf
792_processed.jpeg,inf,inf,inf
793_processed.jpeg,inf,inf,inf
794_processed.jpeg,inf,inf,inf
795_processed.jpeg,inf,inf,inf
796_processed.jpeg,inf,inf,inf
797_processed.jpeg,inf,inf,inf
798_processed.jpeg,inf,inf,inf
799_processed.jpeg,inf,inf,inf
79_processed.jpeg,inf,inf,inf
7_processed.jpeg,inf,inf,inf
800_processed.jpeg,inf,inf,inf
801_processed.jpeg,inf,inf,inf
802_processed.jpeg,inf,inf,inf
803_processed.jpeg,inf,inf,inf
804_processed.jpeg,inf,inf,inf
805_processed.jpeg,inf,inf,inf
806_processed.jpeg,inf,inf,inf
807_processed.jpeg,inf,inf,inf
808_processed.jpeg,inf,inf,inf
809_processed.jpeg,inf,inf,inf
80_processed.jpeg,inf,inf,inf
810_processed.jpeg,inf,inf,inf
811_processed.jpeg,inf,inf,inf
812_processed.jpeg,inf,inf,inf
813_processed.jpeg,inf,inf,inf
814_processed.jpeg,inf,inf,inf
815_processed.jpeg,inf,inf,inf
816_processed.jpeg,inf,inf,inf
817_processed.jpeg,inf,inf,inf
818_processed.jpeg,inf,inf,inf
819_processed.jpeg,inf,inf,inf
81_processed.jpeg,inf,inf,inf
820_processed.jpeg,inf,inf,inf
821_processed.jpeg,inf,inf,inf
822_processed.jpeg,inf,inf,inf
823_processed.jpeg,inf,inf,inf
824_processed.jpeg,inf,inf,inf
825_processed.jpeg,inf,inf,inf
826_processed.jpeg,inf,inf,inf
827_processed.jpeg,inf,inf,inf
828_processed.jpeg,inf,inf,inf
829_processed.jpeg,inf,inf,inf
82_processed.jpeg,inf,inf,inf
830_processed.jpeg,inf,inf,inf
831_processed.jpeg,inf,inf,inf
832_processed.jpeg,inf,inf,inf
833_processed.jpeg,inf,inf,inf
834_processed.jpeg,inf,inf,inf
835_processed.jpeg,inf,inf,inf
836_processed.jpeg,inf,inf,inf
837_processed.jpeg,inf,inf,inf
838_processed.jpeg,inf,inf,inf
839_processed.jpeg,inf,inf,inf
83_processed.jpeg,inf,inf,inf
840_processed.jpeg,inf,inf,inf
841_processed.jpeg,inf,inf,inf
842_processed.jpeg,inf,inf,inf
843_processed.jpeg,inf,inf,inf
844_processed.jpeg,inf,inf,inf
845_processed.jpeg,inf,inf,inf
846_processed.jpeg,inf,inf,inf
847_processed.jpeg,inf,inf,inf
848_processed.jpeg,inf,inf,inf
849_processed.jpeg,inf,inf,inf
84_processed.jpeg,inf,inf,inf
850_processed.jpeg,inf,inf,inf
851_processed.jpeg,inf,inf,inf
852_processed.jpeg,inf,inf,inf
853_processed.jpeg,inf,inf,inf
854_processed.jpeg,inf,inf,inf
855_processed.jpeg,inf,inf,inf
856_processed.jpeg,inf,inf,inf
857_processed.jpeg,inf,inf,inf
858_processed.jpeg,inf,inf,inf
859_processed.jpeg,inf,inf,inf
85_processed.jpeg,inf,inf,inf
860_processed.jpeg,inf,inf,inf
861_processed.jpeg,inf,inf,inf
862_processed.jpeg,inf,inf,inf
863_processed.jpeg,inf,inf,inf
864_processed.jpeg,inf,inf,inf
865_processed.jpeg,inf,inf,inf
866_processed.jpeg,inf,inf,inf
867_processed.jpeg,inf,inf,inf
868_processed.jpeg,inf,inf,inf
869_processed.jpeg,inf,inf,inf
86_processed.jpeg,inf,inf,inf
870_processed.jpeg,inf,inf,inf
871_processed.jpeg,inf,inf,inf
872_processed.jpeg,inf,inf,inf
873_processed.jpeg,inf,inf,inf
874_processed.jpeg,inf,inf,inf
875_processed.jpeg,inf,inf,inf
876_processed.jpeg,inf,inf,inf
877_processed.jpeg,inf,inf,inf
878_processed.jpeg,inf,inf,inf
879_processed.jpeg,inf,inf,inf
87_processed.jpeg,inf,inf,inf
880_processed.jpeg,inf,inf,inf
881_processed.jpeg,inf,inf,inf
882_processed.jpeg,inf,inf,inf
883_processed.jpeg,inf,inf,inf
884_processed.jpeg,inf,inf,inf
885_processed.jpeg,inf,inf,inf
886_processed.jpeg,inf,inf,inf
887_processed.jpeg,inf,inf,inf
888_processed.jpeg,inf,inf,inf
889_processed.jpeg,inf,inf,inf
88_processed.jpeg,inf,inf,inf
890_processed.jpeg,inf,inf,inf
891_processed.jpeg,inf,inf,inf
892_processed.jpeg,inf,inf,inf
893_processed.jpeg,inf,inf,inf
894_processed.jpeg,inf,inf,inf
895_processed.jpeg,inf,inf,inf
896_processed.jpeg,inf,inf,inf
897_processed.jpeg,inf,inf,inf
898_processed.jpeg,inf,inf,inf
899_processed.jpeg,inf,inf,inf
89_processed.jpeg,inf,inf,inf
8_processed.jpeg,inf,inf,inf
900_processed.jpeg,inf,inf,inf
901_processed.jpeg,inf,inf,inf
902_processed.jpeg,inf,inf,inf
903_processed.jpeg,inf,inf,inf
904_processed.jpeg,inf,inf,inf
905_processed.jpeg,inf,inf,inf
906_processed.jpeg,inf,inf,inf
907_processed.jpeg,inf,inf,inf
908_processed.jpeg,inf,inf,inf
909_processed.jpeg,inf,inf,inf
90_processed.jpeg,inf,inf,inf
910_processed.jpeg,inf,inf,inf
911_processed.jpeg,inf,inf,inf
912_processed.jpeg,inf,inf,inf
913_processed.jpeg,inf,inf,inf
914_processed.jpeg,inf,inf,inf
915_processed.jpeg,inf,inf,inf
916_processed.jpeg,inf,inf,inf
917_processed.jpeg,inf,inf,inf
918_processed.jpeg,inf,inf,inf
919_processed.jpeg,inf,inf,inf
91_processed.jpeg,inf,inf,inf
920_processed.jpeg,inf,inf,inf
921_processed.jpeg,inf,inf,inf
922_processed.jpeg,inf,inf,inf
923_processed.jpeg,inf,inf,inf
924_processed.jpeg,inf,inf,inf
925_processed.jpeg,inf,inf,inf
926_processed.jpeg,inf,inf,inf
927_processed.jpeg,inf,inf,inf
928_processed.jpeg,inf,inf,inf
929_processed.jpeg,inf,inf,inf
92_processed.jpeg,inf,inf,inf
930_processed.jpeg,inf,inf,inf
931_processed.jpeg,inf,inf,inf
932_processed.jpeg,inf,inf,inf
933_processed.jpeg,inf,inf,inf
934_processed.jpeg,inf,inf,inf
935_processed.jpeg,inf,inf,inf
936_processed.jpeg,inf,inf,inf
937_processed.jpeg,inf,inf,inf
938_processed.jpeg,inf,inf,inf
939_processed.jpeg,inf,inf,inf
93_processed.jpeg,inf,inf,inf
940_processed.jpeg,inf,inf,inf
941_processed.jpeg,inf,inf,inf
942_processed.jpeg,inf,inf,inf
943_processed.jpeg,inf,inf,inf
944_processed.jpeg,inf,inf,inf
945_processed.jpeg,inf,inf,inf
946_processed.jpeg,inf,inf,inf
947_processed.jpeg,inf,inf,inf
948_processed.jpeg,inf,inf,inf
949_processed.jpeg,inf,inf,inf
94_processed.jpeg,inf,inf,inf
950_processed.jpeg,inf,inf,inf
951_processed.jpeg,inf,inf,inf
952_processed.jpeg,inf,inf,inf
953_processed.jpeg,inf,inf,inf
954_processed.jpeg,inf,inf,inf
955_processed.jpeg,inf,inf,inf
956_processed.jpeg,inf,inf,inf
957_processed.jpeg,inf,inf,inf
958_processed.jpeg,inf,inf,inf
959_processed.jpeg,inf,inf,inf
95_processed.jpeg,inf,inf,inf
960_processed.jpeg,inf,inf,inf
961_processed.jpeg,inf,inf,inf
962_processed.jpeg,inf,inf,inf
963_processed.jpeg,inf,inf,inf
964_processed.jpeg,inf,inf,inf
965_processed.jpeg,inf,inf,inf
966_processed.jpeg,inf,inf,inf
967_processed.jpeg,inf,inf,inf
968_processed.jpeg,inf,inf,inf
969_processed.jpeg,inf,inf,inf
96_processed.jpeg,inf,inf,inf
970_processed.jpeg,inf,inf,inf
971_processed.jpeg,inf,inf,inf
972_processed.jpeg,inf,inf,inf
973_processed.jpeg,inf,inf,inf
974_processed.jpeg,inf,inf,inf
975_processed.jpeg,inf,inf,inf
976_processed.jpeg,inf,inf,inf
977_processed.jpeg,inf,inf,inf
978_processed.jpeg,inf,inf,inf
979_processed.jpeg,inf,inf,inf
97_processed.jpeg,inf,inf,inf
980_processed.jpeg,inf,inf,inf
981_processed.jpeg,inf,inf,inf
982_processed.jpeg,inf,inf,inf
983_processed.jpeg,inf,inf,inf
984_processed.jpeg,inf,inf,inf
985_processed.jpeg,inf,inf,inf
986_processed.jpeg,inf,inf,inf
987_processed.jpeg,inf,inf,inf
988_processed.jpeg,inf,inf,inf
989_processed.jpeg,inf,inf,inf
98_processed.jpeg,inf,inf,inf
990_processed.jpeg,inf,inf,inf
991_processed.jpeg,inf,inf,inf
992_processed.jpeg,inf,inf,inf
993_processed.jpeg,inf,inf,inf
994_processed.jpeg,inf,inf,inf
995_processed.jpeg,inf,inf,inf
996_processed.jpeg,inf,inf,inf
997_processed.jpeg,inf,inf,inf
998_processed.jpeg,inf,inf,inf
999_processed.jpeg,inf,inf,inf
99_processed.jpeg,inf,inf,inf
9_processed.jpeg,inf,inf,inf
